0	CONN	0	7	up
0	CONN	0	7	down
0	CONN	0	4	up
0	CONN	1	7	up
0	CONN	1	7	down
0	CONN	1	3	up
0	CONN	1	3	down
0	CONN	1	2	up
0	CONN	2	0	up
0	CONN	2	7	up
0	CONN	3	7	up
0	CONN	3	4	up
0	CONN	4	7	up
0	CONN	4	3	up
0	CONN	5	3	up
0	CONN	5	7	up
0	CONN	7	5	up
0	CONN	7	5	down
0	CONN	7	2	up
0	CONN	8	4	up
0	CONN	8	4	down
0	CONN	8	7	up
0	CONN	8	7	down
0	CONN	8	2	up
115	CONN	0	2	up
115	CONN	0	3	up
115	CONN	1	2	down
115	CONN	1	6	up
115	CONN	2	0	down
115	CONN	2	4	up
115	CONN	2	4	down
115	CONN	2	3	up
115	CONN	5	3	down
115	CONN	5	6	up
115	CONN	7	6	up
226	CONN	0	2	down
226	CONN	0	3	down
226	CONN	1	6	down
226	CONN	1	5	up
226	CONN	3	7	down
226	CONN	7	2	down
226	CONN	7	1	up
343	CONN	0	4	down
343	CONN	1	5	down
343	CONN	3	5	up
343	CONN	3	5	down
343	CONN	4	5	up
343	CONN	4	5	down
343	CONN	5	6	down
343	CONN	5	1	up
343	CONN	5	2	up
343	CONN	7	5	up
464	CONN	0	7	up
464	CONN	0	7	down
464	CONN	1	7	up
464	CONN	2	3	down
464	CONN	2	4	up
464	CONN	2	4	down
464	CONN	2	5	up
464	CONN	2	5	down
464	CONN	2	0	up
464	CONN	2	0	down
464	CONN	5	1	down
467	CONN	5	2	down
467	CONN	7	6	down
467	CONN	7	2	up
467	CONN	7	2	down
468	CONN	0	2	up
468	CONN	0	3	up
468	CONN	1	2	up
468	CONN	1	2	down
578	CONN	5	7	down
578	CONN	5	6	up
578	CONN	5	6	down
578	CONN	7	5	down
579	CONN	0	4	up
579	CONN	2	7	down
581	CONN	4	5	up
695	CONN	0	4	down
695	CONN	1	6	up
695	CONN	2	4	up
695	CONN	2	4	down
697	CONN	4	5	down
698	CONN	3	7	up
698	CONN	3	7	down
817	CONN	7	6	up
817	CONN	7	6	down
817	CONN	7	5	up
819	CONN	0	2	down
819	CONN	0	3	down
819	CONN	0	8	up
819	CONN	0	8	down
819	CONN	1	5	up
819	CONN	1	5	down
822	CONN	3	0	up
822	CONN	3	0	down
940	CONN	5	6	up
940	CONN	5	7	up
940	CONN	7	1	down
941	CONN	2	8	up
943	CONN	4	7	down
944	CONN	3	2	up
1061	CONN	7	5	down
1063	CONN	5	6	down
1064	CONN	1	6	down
1185	CONN	0	1	up
1185	CONN	0	1	down
1185	CONN	1	5	up
1187	CONN	4	3	down
1187	CONN	4	2	up
1308	CONN	7	6	up
1308	CONN	7	1	up
1309	CONN	1	5	down
1311	CONN	4	0	up
1311	CONN	4	0	down
1312	CONN	3	4	down
1312	CONN	3	0	up
1312	CONN	3	0	down
1431	CONN	5	7	down
1431	CONN	5	6	up
1540	CONN	5	6	down
1541	CONN	0	7	up
1541	CONN	0	7	down
1541	CONN	1	6	up
1541	CONN	1	6	down
1541	CONN	7	6	down
1543	CONN	4	7	up
1543	CONN	4	7	down
1543	CONN	4	3	up
1543	CONN	4	3	down
1544	CONN	3	2	down
1544	CONN	3	7	up
1544	CONN	3	7	down
1660	CONN	7	1	down
1660	CONN	7	6	up
1660	CONN	7	6	down
1661	CONN	1	5	up
1661	CONN	1	5	down
1663	CONN	4	8	up
1663	CONN	4	0	up
1664	CONN	6	1	up
1664	CONN	6	1	down
1664	CONN	6	8	up
1664	CONN	6	3	up
1664	CONN	6	2	up
1667	CONN	4	8	down
1772	CONN	1	6	up
1772	CONN	1	6	down
1772	CONN	5	7	up
1772	CONN	5	7	down
1776	CONN	4	2	down
1776	CONN	4	6	up
1778	CONN	1	7	down
1780	CONN	4	6	down
1780	CONN	6	5	up
1780	CONN	6	5	down
1783	CONN	4	0	down
1783	CONN	4	5	up
1783	CONN	4	5	down
1783	CONN	4	8	up
1783	CONN	4	8	down
1784	CONN	5	6	up
1784	CONN	5	6	down
1784	CONN	5	1	up
1787	CONN	3	4	up
1794	CONN	6	1	up
1896	CONN	4	3	up
1904	CONN	0	7	up
1906	CONN	7	1	up
1906	CONN	7	6	up
1907	CONN	6	1	down
1913	CONN	6	5	up
2012	CONN	5	6	up
2016	CONN	7	1	down
2017	CONN	5	1	down
2017	CONN	5	6	down
2023	CONN	6	1	up
2037	CONN	0	7	down
2040	CONN	3	6	up
2131	CONN	7	5	up
2131	CONN	7	5	down
2139	CONN	4	6	up
2249	CONN	1	6	up
2249	CONN	1	6	down
2266	CONN	0	1	up
2266	CONN	0	1	down
2266	CONN	0	7	up
2266	CONN	0	7	down
2372	CONN	6	1	down
2382	CONN	4	3	down
2482	CONN	1	7	up
2488	CONN	7	5	up
2496	CONN	6	8	down
2596	CONN	5	7	up
2598	CONN	7	6	down
2606	CONN	1	7	down
2615	CONN	4	6	down
2711	CONN	5	6	up
2711	CONN	5	6	down
2721	CONN	6	5	down
2721	CONN	6	1	up
2831	CONN	1	6	up
2831	CONN	1	6	down
2833	CONN	6	8	up
2840	CONN	4	3	up
2848	CONN	0	7	up
2937	CONN	5	4	up
2939	CONN	7	4	up
2952	CONN	4	6	up
3059	CONN	7	3	up
3059	CONN	7	3	down
3067	CONN	6	5	up
3067	CONN	6	5	down
3074	CONN	0	7	down
3077	CONN	3	4	down
3077	CONN	3	5	up
3077	CONN	3	5	down
3414	CONN	5	3	up
3414	CONN	5	3	down
3417	CONN	6	5	up
3417	CONN	6	5	down
3527	CONN	1	6	up
3534	CONN	1	6	down
3536	CONN	4	5	up
3554	CONN	3	5	up
3554	CONN	3	4	up
3650	CONN	7	4	down
3892	CONN	1	6	up
3895	CONN	5	0	up
3895	CONN	5	0	down
3895	CONN	5	3	up
3897	CONN	7	3	up
3897	CONN	7	3	down
3897	CONN	7	4	up
3901	CONN	4	6	down
3903	CONN	6	1	down
3905	CONN	3	5	down
3909	CONN	0	7	up
3909	CONN	0	7	down
4014	CONN	5	3	down
4015	CONN	1	6	down
4016	CONN	7	4	down
4016	CONN	7	2	up
4016	CONN	7	2	down
4022	CONN	6	3	down
4035	CONN	3	6	down
4127	CONN	5	4	down
4129	CONN	7	5	down
4129	CONN	7	0	up
4135	CONN	6	5	up
4135	CONN	6	5	down
4154	CONN	3	4	down
4154	CONN	3	5	up
4253	CONN	5	7	down
4253	CONN	5	0	up
4253	CONN	5	0	down
4253	CONN	5	2	up
4255	CONN	7	3	up
4255	CONN	7	3	down
4259	CONN	7	4	up
4259	CONN	7	2	up
4260	CONN	7	4	down
4260	CONN	7	8	up
4260	CONN	7	8	down
4261	CONN	6	1	up
4379	CONN	7	2	down
4380	CONN	5	2	down
4382	CONN	4	3	down
4382	CONN	4	6	up
4385	CONN	7	0	down
4388	CONN	6	3	up
4389	CONN	7	3	up
4389	CONN	7	3	down
4389	CONN	7	5	up
4393	CONN	3	6	up
4503	CONN	7	5	down
4503	CONN	7	2	up
4503	CONN	7	2	down
4520	CONN	3	4	up
4624	CONN	5	3	up
4624	CONN	5	7	up
4631	CONN	5	3	down
4631	CONN	5	0	up
4631	CONN	5	0	down
4631	CONN	5	2	up
4631	CONN	5	2	down
4631	CONN	7	3	up
4631	CONN	7	3	down
4631	CONN	7	8	up
4632	CONN	6	8	down
4635	CONN	7	8	down
4635	CONN	7	2	up
4635	CONN	7	2	down
4635	CONN	7	5	up
4753	CONN	4	3	up
4759	CONN	7	4	up
4759	CONN	7	4	down
4765	CONN	6	5	up
4872	CONN	5	7	down
4873	CONN	7	5	down
5001	CONN	4	6	down
5003	CONN	6	8	up
5005	CONN	7	5	up
5009	CONN	0	7	up
5116	CONN	1	0	up
5123	CONN	1	0	down
5125	CONN	4	3	down
5133	CONN	0	7	down
5133	CONN	7	5	down
5133	CONN	7	0	up
5136	CONN	3	5	down
5143	CONN	3	6	down
5145	CONN	6	2	down
5263	CONN	4	6	up
5263	CONN	4	3	up
5273	CONN	3	5	up
5388	CONN	6	5	down
5388	CONN	6	2	up
5396	CONN	0	7	up
5512	CONN	3	6	up
5614	CONN	7	0	down
5620	CONN	4	5	down
5626	CONN	0	7	down
5627	CONN	4	6	down
5643	CONN	6	2	down
5644	CONN	3	5	down
5763	CONN	6	5	up
5854	CONN	7	0	up
5874	CONN	6	3	down
5881	CONN	6	2	up
5889	CONN	4	6	up
5898	CONN	0	7	up
5899	CONN	3	6	down
5972	CONN	7	0	down
6003	CONN	6	5	down
6003	CONN	6	3	up
6009	CONN	4	5	up
6120	CONN	4	6	down
6126	CONN	3	6	up
6126	CONN	3	5	up
6133	CONN	3	6	down
6238	CONN	5	4	up
6238	CONN	5	3	up
6244	CONN	0	7	down
6328	CONN	7	0	up
6378	CONN	8	2	down
6449	CONN	7	0	down
6484	CONN	0	7	up
6484	CONN	0	7	down
6489	CONN	3	6	up
6723	CONN	4	6	up
6734	CONN	8	2	up
6791	CONN	7	0	up
6791	CONN	7	0	down
6831	CONN	6	3	down
6831	CONN	6	5	up
6840	CONN	4	5	down
6848	CONN	2	8	down
6947	CONN	6	2	down
6957	CONN	4	3	down
7084	CONN	3	6	down
7173	CONN	6	3	up
7194	CONN	4	5	up
7202	CONN	2	8	up
7256	CONN	7	0	up
7256	CONN	7	0	down
7284	CONN	6	3	down
7284	CONN	6	2	up
7306	CONN	4	5	down
7306	CONN	4	3	up
7307	CONN	0	6	up
7307	CONN	0	3	up
7312	CONN	3	5	down
7317	CONN	8	2	down
7421	CONN	0	4	up
7426	CONN	3	6	up
7532	CONN	0	6	down
7658	CONN	8	2	up
7881	CONN	6	5	down
7881	CONN	6	3	up
7886	CONN	0	6	up
7991	CONN	7	0	up
8009	CONN	0	4	down
8009	CONN	0	6	down
8123	CONN	5	4	down
8128	CONN	4	6	down
8245	CONN	6	2	down
8258	CONN	3	7	up
8258	CONN	3	7	down
8258	CONN	3	0	up
8374	CONN	4	7	up
8374	CONN	4	7	down
8374	CONN	4	5	up
8374	CONN	4	5	down
8477	CONN	7	0	down
8491	CONN	5	4	up
8492	CONN	4	0	up
8492	CONN	4	0	down
8492	CONN	4	6	up
8499	CONN	6	5	up
8499	CONN	6	5	down
8499	CONN	6	2	up
8501	CONN	3	6	down
8501	CONN	3	0	down
8501	CONN	3	7	up
8621	CONN	0	4	up
8736	CONN	6	1	down
8736	CONN	6	8	down
8736	CONN	6	3	down
8736	CONN	6	2	down
8742	CONN	3	0	up
8746	CONN	0	4	down
8747	CONN	4	7	up
8747	CONN	4	7	down
8747	CONN	4	0	up
8854	CONN	5	6	up
8854	CONN	5	6	down
8977	CONN	5	4	down
8984	CONN	0	3	down
8984	CONN	4	6	down
8990	CONN	3	7	down
9107	CONN	0	4	up
9205	CONN	7	0	up
9205	CONN	7	0	down
9232	CONN	0	4	down
9353	CONN	5	4	up
9355	CONN	0	7	up
9355	CONN	0	7	down
9355	CONN	0	3	up
9469	CONN	3	7	up
9469	CONN	3	7	down
9477	CONN	0	4	up
9490	CONN	2	8	down
9591	CONN	4	7	up
9591	CONN	4	7	down
9592	CONN	0	4	down
9705	CONN	6	5	up
9705	CONN	6	5	down
9818	CONN	6	2	up
9818	CONN	6	2	down
9819	CONN	3	0	down
9823	CONN	3	7	up
9836	CONN	0	4	up
9836	CONN	0	4	down
9842	CONN	2	8	up
9915	CONN	7	0	up
9937	CONN	3	7	down
9937	CONN	3	0	up
9946	CONN	5	4	down
9954	CONN	0	7	up
9954	CONN	0	7	down
10049	CONN	3	4	down
10061	CONN	3	7	up
10074	CONN	0	4	up
10176	CONN	5	3	down
10203	CONN	2	8	down
10303	CONN	5	4	up
10303	CONN	5	4	down
10417	CONN	3	0	down
10428	CONN	0	7	up
10429	CONN	4	0	down
10436	CONN	0	7	down
10535	CONN	3	4	up
10540	CONN	7	0	down
10553	CONN	0	1	up
10553	CONN	0	1	down
10553	CONN	6	0	up
10553	CONN	6	0	down
10556	CONN	4	7	up
10556	CONN	4	7	down
10559	CONN	2	8	up
10673	CONN	6	2	up
10673	CONN	6	2	down
10673	CONN	6	1	up
10673	CONN	6	1	down
10769	CONN	3	0	up
10790	CONN	0	4	down
10790	CONN	0	1	up
10790	CONN	0	1	down
10790	CONN	4	0	up
10796	CONN	4	7	up
10881	CONN	3	7	down
10912	CONN	0	7	up
10912	CONN	0	7	down
10915	CONN	4	7	down
10998	CONN	3	0	down
11036	CONN	0	4	up
11112	CONN	3	5	up
11112	CONN	3	5	down
11112	CONN	3	7	up
11112	CONN	3	7	down
11263	CONN	6	0	up
11263	CONN	6	0	down
11274	CONN	4	7	up
11274	CONN	4	7	down
11362	CONN	7	4	up
11362	CONN	7	4	down
11373	CONN	0	4	down
11386	CONN	4	0	down
11392	CONN	5	7	up
11445	CONN	3	1	up
11445	CONN	3	1	down
11445	CONN	3	0	up
11475	CONN	7	3	up
11475	CONN	7	3	down
11475	CONN	7	5	up
11514	CONN	4	1	up
11514	CONN	4	1	down
11568	CONN	3	4	down
11605	CONN	0	6	up
11605	CONN	0	6	down
11621	CONN	6	1	up
11621	CONN	6	1	down
11623	CONN	4	7	up
11623	CONN	4	7	down
11630	CONN	4	0	up
11693	CONN	3	1	up
11693	CONN	3	1	down
11695	CONN	7	4	up
11695	CONN	7	4	down
11698	CONN	3	0	down
11734	CONN	6	2	up
11741	CONN	5	4	up
11769	CONN	2	8	down
11810	CONN	3	7	up
11810	CONN	3	7	down
11810	CONN	3	4	up
11818	CONN	7	3	up
11862	CONN	5	4	down
11948	CONN	0	4	up
12077	CONN	6	1	up
12112	CONN	2	8	up
12156	CONN	3	7	up
12161	CONN	3	4	down
12161	CONN	3	7	down
12280	CONN	3	0	up
12318	CONN	5	3	up
12323	CONN	6	1	down
12405	CONN	3	4	up
12418	CONN	3	7	up
12418	CONN	3	7	down
12424	CONN	3	5	up
12446	CONN	5	3	down
12449	CONN	6	2	down
12528	CONN	7	3	down
12548	CONN	3	4	down
12551	CONN	3	5	down
12559	CONN	0	6	up
12559	CONN	0	6	down
12572	CONN	4	0	down
12684	CONN	1	6	up
12684	CONN	1	6	down
12779	CONN	7	3	up
12780	CONN	0	4	down
12909	CONN	0	4	up
12909	CONN	0	4	down
12909	CONN	3	0	down
12909	CONN	3	7	up
12909	CONN	6	2	up
12915	CONN	7	5	down
12916	CONN	6	0	up
12916	CONN	6	0	down
12916	CONN	6	1	up
12921	CONN	4	7	up
12921	CONN	4	7	down
12921	CONN	4	0	up
12923	CONN	6	1	down
12929	CONN	5	3	up
13032	CONN	4	3	down
13039	CONN	5	3	down
13051	CONN	7	5	up
13161	CONN	0	4	up
13161	CONN	4	3	up
13161	CONN	4	3	down
13164	CONN	5	3	up
13166	CONN	4	7	up
13167	CONN	6	2	down
13177	CONN	7	0	up
13177	CONN	7	0	down
13261	CONN	3	4	up
13286	CONN	4	3	up
13287	CONN	5	3	down
13294	CONN	0	6	up
13370	CONN	3	0	up
13370	CONN	3	6	up
13373	CONN	3	7	down
13376	CONN	3	0	down
13376	CONN	3	6	down
13418	CONN	4	7	down
13510	CONN	3	4	down
13510	CONN	3	5	up
13510	CONN	3	5	down
13510	CONN	3	6	up
13540	CONN	5	3	up
13540	CONN	5	3	down
13552	CONN	4	0	down
13558	CONN	6	2	up
13630	CONN	3	6	down
13630	CONN	3	7	up
13672	CONN	0	4	down
13806	CONN	6	2	down
13806	CONN	6	1	up
13806	CONN	6	1	down
13876	CONN	3	7	down
13879	CONN	3	0	up
13879	CONN	3	0	down
13883	CONN	3	4	up
13908	CONN	0	6	down
13997	CONN	3	4	down
13997	CONN	3	7	up
13997	CONN	3	7	down
14047	CONN	5	3	up
14047	CONN	5	3	down
14124	CONN	3	4	up
14124	CONN	3	4	down
14124	CONN	3	0	up
14124	CONN	3	0	down
14140	CONN	0	4	up
14140	CONN	0	4	down
14160	CONN	4	0	up
14263	CONN	7	4	up
14263	CONN	7	4	down
14269	CONN	7	5	down
14283	CONN	5	7	down
14361	CONN	3	5	up
14361	CONN	3	5	down
14364	CONN	3	7	up
14394	CONN	7	3	down
14488	CONN	3	4	up
14518	CONN	1	3	up
14599	CONN	3	0	up
14599	CONN	3	0	down
14608	CONN	3	4	down
14628	CONN	4	0	down
14635	CONN	5	7	up
14639	CONN	7	4	up
14639	CONN	7	4	down
14639	CONN	7	5	up
14730	CONN	3	0	up
14755	CONN	1	3	down
14755	CONN	1	0	up
14755	CONN	1	0	down
14772	CONN	6	2	up
14772	CONN	6	2	down
14843	CONN	3	4	up
14843	CONN	3	4	down
14883	CONN	4	1	up
14883	CONN	4	1	down
14883	CONN	4	6	up
14883	CONN	4	6	down
14890	CONN	4	7	up
14894	CONN	7	5	down
14895	CONN	4	0	up
14964	CONN	3	7	down
15013	CONN	5	3	up
15015	CONN	0	4	up
15018	CONN	5	7	down
15018	CONN	7	5	up
15020	CONN	4	7	down
15145	CONN	7	5	down
15149	CONN	6	0	up
15149	CONN	6	0	down
15259	CONN	7	3	up
15259	CONN	7	3	down
15265	CONN	4	0	down
15269	CONN	0	6	up
15269	CONN	0	6	down
15316	CONN	3	7	up
15316	CONN	3	7	down
15316	CONN	3	4	up
15387	CONN	0	7	up
15387	CONN	0	7	down
15388	CONN	5	7	up
15389	CONN	7	5	up
15404	CONN	6	2	up
15404	CONN	6	2	down
15432	CONN	3	4	down
15509	CONN	5	7	down
15515	CONN	6	3	up
15515	CONN	7	3	up
15516	CONN	5	3	down
15520	CONN	4	3	down
15522	CONN	6	3	down
15541	CONN	3	0	down
15626	CONN	7	3	down
15645	CONN	4	7	up
15645	CONN	4	3	up
15649	CONN	6	5	up
15649	CONN	6	5	down
15651	CONN	3	7	up
15651	CONN	3	7	down
15751	CONN	7	5	down
15751	CONN	7	3	up
15761	CONN	5	3	up
15761	CONN	5	3	down
15761	CONN	5	7	up
15763	CONN	3	4	up
15764	CONN	0	6	up
15764	CONN	0	6	down
15765	CONN	4	7	down
15767	CONN	3	4	down
15882	CONN	3	0	up
15883	CONN	0	4	down
15900	CONN	6	5	up
15900	CONN	6	5	down
15990	CONN	7	5	up
16006	CONN	3	0	down
16006	CONN	3	7	up
16008	CONN	0	4	up
16009	CONN	4	0	up
16014	CONN	0	6	up
16014	CONN	0	6	down
16016	CONN	4	7	up
16019	CONN	6	2	up
16115	CONN	3	4	up
16135	CONN	4	7	down
16137	CONN	6	0	up
16139	CONN	5	3	up
16139	CONN	5	3	down
16144	CONN	6	0	down
16144	CONN	6	1	up
16241	CONN	3	0	up
16241	CONN	3	0	down
16272	CONN	6	1	down
16342	CONN	7	3	down
16368	CONN	3	7	down
16370	CONN	3	0	up
16399	CONN	6	2	down
16458	CONN	7	5	down
16487	CONN	3	0	down
16596	CONN	3	7	up
16630	CONN	4	0	down
16677	CONN	7	3	up
16705	CONN	3	7	down
16753	CONN	5	3	up
16755	CONN	6	2	up
16758	CONN	4	7	up
16777	CONN	2	8	down
16789	CONN	7	4	up
16789	CONN	7	4	down
16789	CONN	7	5	up
16793	CONN	7	6	up
16793	CONN	7	6	down
16822	CONN	3	0	up
16876	CONN	6	0	up
16876	CONN	6	0	down
16908	CONN	7	3	down
16939	CONN	3	7	up
16992	CONN	4	0	up
17086	CONN	0	7	up
17115	CONN	5	3	down
17133	CONN	2	8	up
17178	CONN	3	0	down
17195	CONN	0	7	down
17344	CONN	4	7	down
17395	CONN	7	3	up
17400	CONN	7	4	up
17400	CONN	7	4	down
17411	CONN	3	4	down
17411	CONN	3	0	up
17411	CONN	3	0	down
17423	CONN	3	7	down
17453	CONN	6	2	down
17453	CONN	6	1	up
17467	CONN	5	3	up
17474	CONN	1	0	up
17474	CONN	1	0	down
17539	CONN	0	6	up
17543	CONN	3	4	up
17543	CONN	3	0	up
17563	CONN	6	1	down
17583	CONN	5	3	down
17606	CONN	2	1	up
17663	CONN	0	4	down
17663	CONN	0	6	down
17679	CONN	4	6	up
17679	CONN	4	6	down
17682	CONN	6	2	up
17705	CONN	1	6	up
17705	CONN	1	6	down
17722	CONN	2	1	down
17894	CONN	0	1	up
17908	CONN	0	1	down
17924	CONN	1	0	up
17924	CONN	1	0	down
18034	CONN	3	4	down
18036	CONN	1	4	up
18043	CONN	1	4	down
18159	CONN	6	2	down
18165	CONN	3	7	up
18165	CONN	3	7	down
18169	CONN	3	0	down
18275	CONN	4	0	down
18277	CONN	0	7	up
18277	CONN	0	7	down
18282	CONN	4	7	up
18282	CONN	4	7	down
18283	CONN	3	4	up
18329	CONN	7	3	down
18409	CONN	3	7	up
18409	CONN	3	7	down
18409	CONN	3	0	up
18448	CONN	7	3	up
18523	CONN	3	4	down
18523	CONN	4	0	up
18535	CONN	6	0	up
18535	CONN	6	0	down
18535	CONN	6	3	up
18535	CONN	6	3	down
18535	CONN	6	2	up
18645	CONN	3	6	up
18645	CONN	3	6	down
18645	CONN	3	7	up
18648	CONN	3	7	down
18695	CONN	7	5	down
18760	CONN	4	3	down
18760	CONN	4	0	down
18869	CONN	4	6	up
18888	CONN	3	7	up
18944	CONN	7	4	up
18944	CONN	7	4	down
18969	CONN	0	7	up
18969	CONN	0	7	down
18981	CONN	6	1	up
18986	CONN	4	6	down
18988	CONN	6	1	down
18988	CONN	6	0	up
18992	CONN	5	3	up
18992	CONN	5	3	down
19022	CONN	2	7	up
19022	CONN	2	7	down
19053	CONN	7	5	up
19131	CONN	3	0	down
19202	CONN	0	3	down
19220	CONN	4	6	up
19227	CONN	6	0	down
19245	CONN	3	7	down
19311	CONN	7	3	down
19316	CONN	7	4	up
19316	CONN	7	4	down
19346	CONN	6	1	up
19346	CONN	6	1	down
19450	CONN	7	3	up
19455	CONN	6	2	down
19456	CONN	0	3	up
19462	CONN	4	6	down
19579	CONN	3	0	up
19712	CONN	4	6	up
19716	CONN	6	1	up
19716	CONN	6	1	down
19716	CONN	6	8	up
19716	CONN	6	8	down
19716	CONN	6	0	up
19830	CONN	1	6	up
19836	CONN	8	2	down
19838	CONN	6	2	up
19965	CONN	6	0	down
19965	CONN	6	3	up
19965	CONN	6	3	down
19977	CONN	8	2	up
20177	CONN	7	5	down
20177	CONN	7	3	down
20199	CONN	1	6	down
20199	CONN	6	2	down
20206	CONN	6	1	up
20312	CONN	3	7	up
20340	CONN	6	0	up
20420	CONN	7	5	up
20427	CONN	3	7	down
20467	CONN	6	1	down
20467	CONN	6	2	up
20474	CONN	6	0	down
20542	CONN	7	3	up
20583	CONN	6	3	up
20583	CONN	6	3	down
20699	CONN	4	6	down
20711	CONN	6	1	up
20803	CONN	3	7	up
20803	CONN	3	7	down
20837	CONN	6	2	down
20837	CONN	6	1	down
20837	CONN	6	0	up
20837	CONN	6	0	down
20950	CONN	5	7	down
20995	CONN	7	5	down
20995	CONN	7	4	up
20995	CONN	7	4	down
21057	CONN	0	3	down
21111	CONN	7	0	up
21192	CONN	4	6	up
21192	CONN	4	6	down
21203	CONN	6	0	up
21203	CONN	6	0	down
21203	CONN	6	2	up
21238	CONN	7	3	down
21245	CONN	7	0	down
21273	CONN	3	0	down
21273	CONN	3	7	up
21305	CONN	0	3	up
21498	CONN	7	3	up
21498	CONN	7	3	down
21498	CONN	7	5	up
21522	CONN	3	7	down
21555	CONN	4	6	up
21559	CONN	5	7	up
21568	CONN	6	0	up
21631	CONN	3	0	up
21649	CONN	0	4	up
21681	CONN	1	2	up
21681	CONN	1	2	down
21681	CONN	1	8	up
21681	CONN	1	8	down
21685	CONN	5	7	down
21689	CONN	6	2	down
21689	CONN	6	0	down
21736	CONN	7	3	up
21758	CONN	0	6	up
21803	CONN	6	1	up
21803	CONN	6	1	down
21805	CONN	4	6	down
21807	CONN	1	4	up
21807	CONN	1	4	down
21856	CONN	7	5	down
21874	CONN	0	4	down
21874	CONN	0	6	down
21929	CONN	1	0	up
21929	CONN	1	0	down
21929	CONN	1	3	up
21929	CONN	1	3	down
21974	CONN	7	1	up
21974	CONN	7	1	down
21993	CONN	3	7	up
22089	CONN	7	0	up
22094	CONN	7	0	down
22120	CONN	3	7	down
22137	CONN	4	6	up
22137	CONN	6	8	up
22137	CONN	6	8	down
22137	CONN	6	2	up
22137	CONN	6	2	down
22151	CONN	5	7	up
22151	CONN	5	7	down
22255	CONN	0	3	down
22347	CONN	7	3	down
22387	CONN	4	6	down
22489	CONN	3	4	up
22493	CONN	0	3	up
22496	CONN	3	6	up
22496	CONN	3	6	down
22634	CONN	4	0	up
22641	CONN	4	3	up
22649	CONN	2	8	down
22690	CONN	7	3	up
22690	CONN	7	3	down
22879	CONN	3	4	down
22879	CONN	4	0	down
22903	CONN	2	8	up
22937	CONN	7	0	up
22937	CONN	7	3	up
22942	CONN	7	0	down
22999	CONN	4	3	down
23117	CONN	4	6	up
23119	CONN	3	7	up
23119	CONN	3	7	down
23232	CONN	4	6	down
23288	CONN	7	3	down
23470	CONN	3	7	up
23470	CONN	3	7	down
23726	CONN	3	7	up
23726	CONN	3	7	down
24172	CONN	3	7	up
24291	CONN	3	7	down
24298	CONN	3	0	down
24311	CONN	7	3	up
24439	CONN	7	3	down
24558	CONN	3	0	up
24823	CONN	2	8	down
25044	CONN	0	3	down
25187	CONN	2	8	up
25615	CONN	3	0	down
25748	CONN	7	3	up
25748	CONN	7	3	down
25850	CONN	3	0	up
25850	CONN	3	0	down
25966	CONN	3	7	up
26080	CONN	3	7	down
26597	CONN	7	3	up
26597	CONN	7	3	down
26923	CONN	8	2	down
26981	CONN	0	7	up
26981	CONN	0	7	down
27172	CONN	8	2	up
27513	CONN	2	8	down
27864	CONN	2	8	up
27864	CONN	2	8	down
28124	CONN	2	8	up
28256	CONN	7	3	up
28256	CONN	7	3	down
29094	CONN	7	3	up
29094	CONN	7	3	down
30378	CONN	8	2	down
30622	CONN	8	2	up
31204	CONN	2	8	down
31440	CONN	2	8	up
32894	CONN	2	8	down
33257	CONN	2	8	up
34227	CONN	2	8	down
34565	CONN	2	8	up
36913	CONN	2	8	down
37264	CONN	2	8	up
38497	CONN	8	2	down
38729	CONN	8	2	up
42142	CONN	2	8	down
42396	CONN	2	8	up
42898	CONN	8	2	down
43244	CONN	8	2	up
44590	CONN	8	2	down
45185	CONN	8	2	up
45527	CONN	2	8	down
45889	CONN	2	8	up
54021	CONN	2	8	down
54265	CONN	2	8	up
55589	CONN	8	2	down
55831	CONN	8	2	up
56299	CONN	2	8	down
56547	CONN	2	8	up
57031	CONN	2	8	down
57393	CONN	2	8	up
59106	CONN	8	2	down
59462	CONN	8	2	up
59815	CONN	2	8	down
60058	CONN	2	8	up
60792	CONN	8	2	down
61157	CONN	8	2	up
61628	CONN	2	8	down
61975	CONN	2	8	up
62431	CONN	8	2	down
62787	CONN	8	2	up
63505	CONN	2	8	down
63844	CONN	2	8	up
65218	CONN	8	2	down
65591	CONN	8	2	up
68016	CONN	2	8	down
68263	CONN	8	2	down
68381	CONN	2	8	up
68514	CONN	8	2	up
72657	CONN	8	2	down
72781	CONN	8	2	up
74426	CONN	0	5	up
74433	CONN	0	5	down
75067	CONN	2	8	down
75316	CONN	2	8	up
78349	CONN	2	8	down
78491	CONN	2	8	up
79918	CONN	0	6	up
79918	CONN	0	6	down
80069	CONN	2	8	down
80287	CONN	0	6	up
80559	CONN	2	8	up
80760	CONN	0	6	down
82704	CONN	0	6	up
82827	CONN	0	1	up
82827	CONN	0	1	down
82859	CONN	2	8	down
82862	CONN	8	1	up
82862	CONN	8	1	down
83076	CONN	0	6	down
83103	CONN	2	8	up
83194	CONN	0	1	up
83194	CONN	0	1	down
83468	CONN	2	1	up
83468	CONN	2	1	down
83560	CONN	0	1	up
83567	CONN	0	1	down
84036	CONN	0	6	up
84070	CONN	1	0	up
84171	CONN	0	6	down
84191	CONN	1	6	up
84421	CONN	1	0	down
84421	CONN	1	6	down
85006	CONN	0	6	up
85006	CONN	0	6	down
85252	CONN	0	3	up
85314	CONN	8	2	down
85630	CONN	1	6	up
85630	CONN	1	6	down
85650	CONN	8	2	up
85777	CONN	8	1	up
85777	CONN	8	1	down
86110	CONN	3	0	up
86249	CONN	8	2	down
86280	CONN	0	1	up
86280	CONN	0	1	down
86364	CONN	2	1	up
86367	CONN	8	0	up
86367	CONN	8	0	down
86367	CONN	8	3	up
86464	CONN	3	0	down
86477	CONN	8	1	up
86586	CONN	2	1	down
86589	CONN	8	2	up
86642	CONN	0	1	up
86760	CONN	0	3	down
86790	CONN	1	0	up
86790	CONN	1	0	down
86806	CONN	3	5	up
86806	CONN	3	5	down
86806	CONN	3	0	up
86924	CONN	8	2	down
86997	CONN	0	1	down
86997	CONN	0	8	up
86997	CONN	0	8	down
86997	CONN	0	2	up
87035	CONN	2	0	up
87035	CONN	2	0	down
87035	CONN	2	1	up
87035	CONN	2	1	down
87106	CONN	0	2	down
87106	CONN	0	3	up
87106	CONN	0	3	down
87161	CONN	2	3	up
87164	CONN	8	6	up
87277	CONN	3	5	up
87277	CONN	3	5	down
87286	CONN	8	6	down
87286	CONN	8	2	up
87384	CONN	1	0	up
87384	CONN	1	0	down
87401	CONN	2	1	up
87404	CONN	8	5	up
87520	CONN	2	1	down
87641	CONN	8	2	down
87641	CONN	8	6	up
87750	CONN	8	1	down
87750	CONN	8	5	down
87864	CONN	8	6	down
87869	CONN	8	2	up
87874	CONN	3	5	up
87874	CONN	3	5	down
87982	CONN	8	5	up
87982	CONN	8	5	down
87996	CONN	3	8	up
88000	CONN	3	0	down
88000	CONN	3	1	up
88002	CONN	3	5	up
88002	CONN	3	5	down
88096	CONN	8	6	up
88096	CONN	8	1	up
88102	CONN	2	5	up
88125	CONN	3	2	up
88211	CONN	8	3	down
88211	CONN	8	6	down
88216	CONN	2	1	up
88216	CONN	2	1	down
88216	CONN	2	6	up
88323	CONN	8	5	up
88331	CONN	2	3	down
88436	CONN	5	6	up
88436	CONN	5	6	down
88450	CONN	2	5	down
88453	CONN	8	6	up
88453	CONN	8	6	down
88498	CONN	3	1	down
88572	CONN	8	5	down
88572	CONN	8	3	up
88575	CONN	2	3	up
88576	CONN	8	3	down
88705	CONN	2	1	up
88705	CONN	2	5	up
88707	CONN	8	1	down
88826	CONN	8	6	up
88826	CONN	8	6	down
88826	CONN	8	5	up
88832	CONN	2	1	down
88832	CONN	2	5	down
88845	CONN	3	1	up
88845	CONN	3	6	up
88947	CONN	8	3	up
88951	CONN	2	6	down
88968	CONN	3	5	up
89091	CONN	3	5	down
89187	CONN	2	1	up
89187	CONN	2	5	up
89187	CONN	8	3	down
89187	CONN	8	6	up
89205	CONN	3	2	down
89205	CONN	3	1	down
89312	CONN	2	8	down
89312	CONN	2	6	up
89312	CONN	8	5	down
89332	CONN	3	8	down
89332	CONN	3	5	up
89439	CONN	8	1	up
89439	CONN	8	1	down
89440	CONN	2	1	down
89448	CONN	3	1	up
89555	CONN	8	3	up
89565	CONN	3	2	up
89674	CONN	8	5	up
89674	CONN	8	5	down
89675	CONN	2	8	up
89691	CONN	3	8	up
89778	CONN	5	3	up
89789	CONN	8	1	up
89790	CONN	2	1	up
89812	CONN	3	8	down
89897	CONN	5	3	down
89906	CONN	8	2	down
89908	CONN	2	8	down
90035	CONN	2	3	down
90035	CONN	2	6	down
90049	CONN	3	8	up
90134	CONN	8	2	up
90173	CONN	3	6	down
90247	CONN	5	1	up
90247	CONN	5	1	down
90247	CONN	5	3	up
90247	CONN	5	3	down
90257	CONN	1	3	up
90257	CONN	1	3	down
90257	CONN	1	0	up
90257	CONN	1	0	down
90258	CONN	2	8	up
90258	CONN	2	8	down
90369	CONN	1	8	up
90369	CONN	1	2	up
90375	CONN	8	2	down
90377	CONN	2	6	up
90377	CONN	2	3	up
90416	CONN	3	6	up
90488	CONN	1	8	down
90488	CONN	1	2	down
90658	CONN	3	5	down
90724	CONN	8	5	up
90724	CONN	8	5	down
90724	CONN	8	2	up
90727	CONN	1	0	up
90837	CONN	1	3	up
90848	CONN	2	6	down
90904	CONN	3	8	down
90959	CONN	1	0	down
90959	CONN	5	3	up
90960	CONN	8	1	down
90970	CONN	2	8	up
91031	CONN	3	5	up
91073	CONN	5	3	down
91073	CONN	5	1	up
91073	CONN	5	1	down
91081	CONN	1	5	up
91081	CONN	1	5	down
91089	CONN	8	6	down
91195	CONN	1	2	up
91199	CONN	2	6	up
91210	CONN	8	5	up
91210	CONN	8	1	up
91278	CONN	3	8	up
91283	CONN	3	5	down
91296	CONN	3	5	up
91308	CONN	3	1	down
91310	CONN	1	3	down
91310	CONN	1	8	up
91321	CONN	8	5	down
91441	CONN	2	3	down
91443	CONN	8	3	down
91443	CONN	8	6	up
91445	CONN	1	3	up
91556	CONN	1	2	down
91556	CONN	1	3	down
91563	CONN	2	6	down
91659	CONN	3	1	up
91664	CONN	3	8	down
91664	CONN	3	5	down
91697	CONN	2	3	up
91700	CONN	8	2	down
91700	CONN	8	3	up
91789	CONN	3	2	down
91820	CONN	2	6	up
91910	CONN	3	8	up
91910	CONN	3	5	up
91935	CONN	1	6	up
91935	CONN	1	3	up
91945	CONN	2	5	down
91945	CONN	2	1	down
91952	CONN	8	3	down
92029	CONN	3	1	down
92029	CONN	3	8	down
92029	CONN	3	2	up
92035	CONN	3	5	down
92046	CONN	3	1	up
92060	CONN	1	5	up
92065	CONN	1	6	down
92065	CONN	1	2	up
92065	CONN	1	2	down
92065	CONN	5	8	up
92065	CONN	5	3	up
92170	CONN	3	1	down
92170	CONN	3	8	up
92182	CONN	8	2	up
92186	CONN	1	5	down
92186	CONN	5	2	up
92186	CONN	5	2	down
92284	CONN	3	5	up
92291	CONN	2	5	up
92293	CONN	8	3	up
92293	CONN	8	5	up
92294	CONN	3	1	up
92295	CONN	1	3	down
92295	CONN	2	1	up
92295	CONN	5	6	up
92406	CONN	1	6	up
92406	CONN	5	6	down
92406	CONN	5	1	up
92410	CONN	1	6	down
92410	CONN	1	5	up
92423	CONN	2	8	down
92515	CONN	3	1	down
92533	CONN	1	5	down
92533	CONN	1	3	up
92533	CONN	5	2	up
92533	CONN	5	2	down
92540	CONN	1	2	up
92628	CONN	3	5	down
92655	CONN	2	3	down
92658	CONN	1	6	up
92752	CONN	3	8	down
92772	CONN	1	5	up
92778	CONN	2	8	up
92781	CONN	5	1	down
92781	CONN	5	6	up
92781	CONN	5	6	down
92781	CONN	5	2	up
92784	CONN	8	3	down
92875	CONN	3	1	up
92899	CONN	2	8	down
92899	CONN	2	3	up
92900	CONN	8	6	down
92998	CONN	3	8	up
93017	CONN	8	1	down
93022	CONN	5	1	up
93124	CONN	3	1	down
93138	CONN	5	8	down
93138	CONN	5	6	up
93143	CONN	8	3	up
93251	CONN	3	8	down
93251	CONN	3	5	up
93253	CONN	2	1	down
93259	CONN	1	6	down
93259	CONN	1	5	down
93264	CONN	8	6	up
93365	CONN	3	1	up
93374	CONN	2	8	up
93376	CONN	8	3	down
93376	CONN	8	1	up
93497	CONN	8	1	down
93502	CONN	5	8	up
93502	CONN	5	8	down
93600	CONN	3	2	down
93626	CONN	8	6	down
93626	CONN	8	3	up
93735	CONN	5	1	down
93740	CONN	1	5	up
93740	CONN	1	5	down
93740	CONN	1	6	up
93743	CONN	8	1	up
93746	CONN	2	1	up
93754	CONN	8	1	down
93862	CONN	5	8	up
93864	CONN	1	3	down
93873	CONN	8	6	up
93957	CONN	3	6	down
93957	CONN	3	2	up
93986	CONN	5	2	down
93988	CONN	1	5	up
93993	CONN	1	3	up
94078	CONN	3	8	up
94103	CONN	5	1	up
94106	CONN	2	1	down
94111	CONN	2	6	down
94112	CONN	1	5	down
94117	CONN	5	2	up
94232	CONN	8	1	up
94236	CONN	5	8	down
94309	CONN	3	1	down
94347	CONN	1	5	up
94357	CONN	2	1	up
94359	CONN	8	5	down
94359	CONN	8	6	down
94360	CONN	2	6	up
94427	CONN	3	5	down
94472	CONN	2	5	down
94472	CONN	2	1	down
94476	CONN	2	8	down
94483	CONN	5	1	down
94542	CONN	3	6	up
94595	CONN	5	6	down
94595	CONN	5	8	up
94598	CONN	1	5	down
94602	CONN	2	6	down
94602	CONN	2	1	up
94602	CONN	2	1	down
94608	CONN	2	5	up
94608	CONN	2	8	up
94665	CONN	3	1	up
94722	CONN	5	3	down
94737	CONN	2	1	up
94744	CONN	2	5	down
94744	CONN	2	6	up
94791	CONN	3	5	up
94846	CONN	5	8	down
94875	CONN	2	6	down
94912	CONN	3	2	down
94968	CONN	5	6	up
94991	CONN	2	1	down
94991	CONN	2	5	up
95094	CONN	1	5	up
95095	CONN	5	6	down
95095	CONN	5	1	up
95108	CONN	8	2	down
95108	CONN	8	3	down
95108	CONN	8	1	down
95111	CONN	2	5	down
95111	CONN	2	6	up
95114	CONN	2	6	down
95214	CONN	5	8	up
95214	CONN	5	3	up
95256	CONN	3	5	down
95336	CONN	5	8	down
95343	CONN	5	2	down
95343	CONN	5	6	up
95355	CONN	1	3	down
95372	CONN	3	2	up
95375	CONN	1	3	up
95384	CONN	3	2	down
95384	CONN	3	5	up
95471	CONN	2	1	up
95494	CONN	1	5	down
95604	CONN	5	2	up
95610	CONN	1	8	down
95610	CONN	1	3	down
95611	CONN	5	1	down
95618	CONN	2	1	down
95618	CONN	5	8	up
95618	CONN	5	8	down
95740	CONN	3	6	down
95744	CONN	5	3	down
95852	CONN	0	1	up
95852	CONN	0	1	down
95852	CONN	0	3	up
95852	CONN	0	2	up
95856	CONN	2	8	down
95966	CONN	3	2	up
95966	CONN	3	2	down
95979	CONN	3	1	down
95979	CONN	3	5	down
95979	CONN	3	6	up
95979	CONN	3	6	down
95981	CONN	1	6	down
95981	CONN	1	3	up
95981	CONN	1	8	up
95983	CONN	2	0	up
95983	CONN	5	3	up
95983	CONN	5	3	down
95983	CONN	5	8	up
96098	CONN	3	2	up
96110	CONN	5	6	down
96110	CONN	5	1	up
96214	CONN	0	6	up
96214	CONN	0	6	down
96214	CONN	0	1	up
96218	CONN	3	2	down
96231	CONN	5	8	down
96231	CONN	5	1	down
96235	CONN	0	1	down
96343	CONN	1	5	up
96343	CONN	1	5	down
96343	CONN	1	6	up
96467	CONN	5	3	up
96473	CONN	3	1	up
96473	CONN	3	2	up
96481	CONN	1	5	up
96481	CONN	1	5	down
96571	CONN	2	3	down
96578	CONN	2	6	up
96593	CONN	5	1	up
96593	CONN	5	8	up
96694	CONN	2	1	up
96694	CONN	2	1	down
96722	CONN	3	8	down
96722	CONN	3	1	down
96729	CONN	1	3	down
96729	CONN	1	5	up
96820	CONN	2	6	down
96820	CONN	2	3	up
96828	CONN	0	6	up
96828	CONN	0	6	down
96834	CONN	3	0	up
96943	CONN	2	3	down
97063	CONN	1	3	up
97185	CONN	2	1	up
97194	CONN	5	6	up
97201	CONN	3	1	up
97201	CONN	3	1	down
97310	CONN	1	5	down
97317	CONN	1	6	down
97441	CONN	5	1	down
97533	CONN	2	1	down
97533	CONN	2	3	up
97657	CONN	2	6	up
97682	CONN	1	3	down
97682	CONN	1	5	up
97682	CONN	1	6	up
97690	CONN	5	1	up
97810	CONN	1	8	down
97896	CONN	2	3	down
97903	CONN	2	6	down
97903	CONN	2	1	up
97924	CONN	1	5	down
97931	CONN	1	3	up
98134	CONN	2	3	up
98162	CONN	1	5	up
98271	CONN	0	3	down
98272	CONN	1	8	up
98403	CONN	5	3	down
98403	CONN	5	8	down
98515	CONN	0	3	up
98527	CONN	5	1	down
98616	CONN	2	6	up
98737	CONN	2	3	down
98758	CONN	1	6	down
98766	CONN	5	6	down
98766	CONN	5	8	up
98770	CONN	5	3	up
98770	CONN	5	3	down
98770	CONN	5	1	up
98958	CONN	2	6	down
98979	CONN	0	1	up
98979	CONN	0	1	down
98989	CONN	1	2	down
98989	CONN	1	3	down
98989	CONN	1	5	down
99001	CONN	5	2	down
99001	CONN	5	8	down
99001	CONN	5	1	down
99001	CONN	5	6	up
99001	CONN	5	6	down
99081	CONN	2	3	up
99102	CONN	0	6	up
99102	CONN	0	6	down
99104	CONN	1	8	down
99115	CONN	3	2	down
99197	CONN	2	1	down
99202	CONN	2	6	up
99227	CONN	0	2	down
99351	CONN	3	2	up
99353	CONN	1	2	up
99439	CONN	2	6	down
99439	CONN	2	1	up
99439	CONN	2	1	down
99582	CONN	3	2	down
99585	CONN	1	8	up
99585	CONN	1	3	up
99687	CONN	0	2	up
99695	CONN	1	2	down
99695	CONN	1	8	down
99708	CONN	3	5	up
99791	CONN	2	1	up
99791	CONN	2	1	down
99818	CONN	1	3	down
99831	CONN	3	5	down
99929	CONN	2	1	up
99929	CONN	2	1	down
99950	CONN	3	0	down
99950	CONN	3	1	up
99955	CONN	3	1	down
100054	CONN	2	1	up
100071	CONN	3	2	up
100176	CONN	2	1	down
100178	CONN	1	8	up
100178	CONN	1	8	down
100189	CONN	3	0	up
100304	CONN	1	0	up
100304	CONN	1	0	down
100304	CONN	1	2	up
100415	CONN	3	5	up
100416	CONN	1	2	down
100416	CONN	2	6	up
100416	CONN	2	6	down
100525	CONN	3	5	down
100544	CONN	1	2	up
100544	CONN	1	2	down
100783	CONN	1	2	up
100783	CONN	1	2	down
100919	CONN	1	2	up
101267	CONN	2	0	down
101384	CONN	2	1	up
101511	CONN	2	0	up
101749	CONN	2	6	up
101869	CONN	0	6	up
101876	CONN	0	6	down
101878	CONN	2	6	down
102234	CONN	2	6	up
102363	CONN	0	6	up
102363	CONN	0	6	down
102381	CONN	1	6	up
102450	CONN	3	5	up
102450	CONN	3	5	down
102737	CONN	1	2	down
102867	CONN	5	3	up
102867	CONN	5	3	down
102977	CONN	1	3	up
102977	CONN	1	3	down
102977	CONN	1	0	up
103052	CONN	2	1	down
103065	CONN	0	3	down
103065	CONN	0	5	up
103065	CONN	0	5	down
103094	CONN	3	5	up
103094	CONN	3	5	down
103203	CONN	1	6	down
103203	CONN	1	0	down
103210	CONN	1	2	up
103295	CONN	2	1	up
103303	CONN	0	6	up
103303	CONN	0	6	down
103349	CONN	3	2	down
103576	CONN	8	1	up
103576	CONN	8	1	down
103654	CONN	0	3	up
103709	CONN	3	2	up
103897	CONN	2	1	down
103948	CONN	3	5	up
103948	CONN	3	5	down
104020	CONN	2	6	down
104038	CONN	1	6	up
104038	CONN	1	6	down
104082	CONN	3	0	down
104140	CONN	0	1	up
104140	CONN	0	1	down
104150	CONN	1	2	down
104168	CONN	5	3	up
104168	CONN	5	3	down
104219	CONN	3	0	up
104254	CONN	2	1	up
104254	CONN	2	1	down
104389	CONN	0	6	up
104389	CONN	0	6	down
104521	CONN	1	2	up
104521	CONN	1	2	down
104706	CONN	2	1	up
104777	CONN	5	3	up
104777	CONN	5	3	down
104819	CONN	3	0	down
104881	CONN	1	2	up
104940	CONN	2	1	down
104940	CONN	2	6	up
104940	CONN	2	6	down
104959	CONN	0	6	up
105150	CONN	3	0	up
105191	CONN	0	6	down
105307	CONN	2	6	up
105347	CONN	5	3	up
105347	CONN	5	3	down
105424	CONN	2	6	down
105540	CONN	2	3	down
105634	CONN	3	2	down
105668	CONN	0	6	up
105668	CONN	0	6	down
105813	CONN	5	3	up
105820	CONN	5	3	down
105882	CONN	3	2	up
105911	CONN	2	1	up
105911	CONN	2	3	up
105926	CONN	1	2	down
106025	CONN	0	6	up
106136	CONN	2	6	up
106144	CONN	0	1	up
106180	CONN	5	6	up
106180	CONN	5	6	down
106268	CONN	2	6	down
106283	CONN	1	2	up
106379	CONN	3	0	down
106394	CONN	2	1	down
106396	CONN	0	6	down
106396	CONN	0	1	down
106402	CONN	1	6	up
106413	CONN	5	3	up
106413	CONN	5	3	down
106530	CONN	2	1	up
106537	CONN	2	6	up
106654	CONN	1	6	down
106668	CONN	2	6	down
106753	CONN	0	2	down
106784	CONN	5	3	up
106784	CONN	5	3	down
106870	CONN	3	0	up
106879	CONN	0	6	up
106914	CONN	2	6	up
106921	CONN	2	0	down
106921	CONN	2	1	down
107004	CONN	1	2	down
107008	CONN	0	6	down
107008	CONN	0	1	up
107008	CONN	0	1	down
107008	CONN	0	2	up
107011	CONN	1	6	up
107029	CONN	0	3	down
107045	CONN	2	6	down
107124	CONN	3	6	up
107124	CONN	3	6	down
107144	CONN	1	6	down
107153	CONN	0	2	down
107266	CONN	1	2	up
107280	CONN	1	2	down
107281	CONN	0	3	up
107293	CONN	2	0	up
107399	CONN	0	2	up
107406	CONN	0	1	up
107406	CONN	0	1	down
107532	CONN	1	6	up
107539	CONN	1	6	down
107539	CONN	1	2	up
107539	CONN	1	2	down
107546	CONN	2	1	up
107546	CONN	2	1	down
107546	CONN	2	6	up
107546	CONN	2	6	down
107788	CONN	1	6	up
108031	CONN	0	2	down
108036	CONN	1	6	down
108040	CONN	2	6	up
108043	CONN	1	2	up
108145	CONN	0	6	up
108145	CONN	0	6	down
108161	CONN	1	2	down
108171	CONN	2	6	down
108289	CONN	1	8	up
108289	CONN	1	8	down
108403	CONN	1	6	up
108403	CONN	1	6	down
108409	CONN	2	1	up
108518	CONN	0	2	up
108642	CONN	1	2	up
108642	CONN	1	2	down
108772	CONN	2	1	down
108895	CONN	2	1	up
108897	CONN	3	6	up
108897	CONN	3	6	down
109358	CONN	2	1	down
109396	CONN	1	6	up
109522	CONN	1	6	down
109710	CONN	2	3	down
109747	CONN	1	0	up
109747	CONN	1	0	down
109747	CONN	1	6	up
109747	CONN	1	6	down
109835	CONN	2	1	up
109952	CONN	3	2	down
109958	CONN	2	3	up
110082	CONN	2	1	down
110101	CONN	1	6	up
110101	CONN	1	6	down
110101	CONN	1	2	up
110101	CONN	1	2	down
110101	CONN	1	0	up
110210	CONN	1	0	down
110298	CONN	3	2	up
110298	CONN	3	2	down
110331	CONN	2	1	up
110453	CONN	1	2	up
110453	CONN	1	6	up
110567	CONN	0	3	down
110781	CONN	3	2	up
110816	CONN	0	3	up
110832	CONN	1	0	up
110900	CONN	3	2	down
110956	CONN	1	2	down
110956	CONN	1	6	down
110956	CONN	1	0	down
111146	CONN	3	2	up
111327	CONN	2	1	down
111572	CONN	1	6	up
111572	CONN	1	6	down
111668	CONN	2	1	up
111685	CONN	0	1	up
111689	CONN	1	2	up
111689	CONN	1	2	down
111717	CONN	8	1	up
111821	CONN	1	6	up
111943	CONN	1	2	up
111966	CONN	8	1	down
111986	CONN	3	2	down
112070	CONN	1	6	down
112115	CONN	3	2	up
112254	CONN	2	1	down
112277	CONN	0	1	down
112300	CONN	1	2	down
112307	CONN	8	1	up
112431	CONN	8	1	down
112625	CONN	3	1	up
112742	CONN	3	1	down
112997	CONN	1	2	up
112997	CONN	1	2	down
113329	CONN	2	1	up
113458	CONN	0	3	down
113590	CONN	1	2	up
113788	CONN	2	3	down
113798	CONN	3	0	down
113814	CONN	0	3	up
113814	CONN	0	3	down
114028	CONN	2	3	up
114050	CONN	0	3	up
114148	CONN	3	0	up
114197	CONN	1	2	down
114374	CONN	2	1	down
114374	CONN	2	3	down
114730	CONN	2	1	up
114771	CONN	1	2	up
114857	CONN	2	1	down
114973	CONN	0	8	up
114973	CONN	0	8	down
114976	CONN	2	3	up
115098	CONN	2	1	up
115215	CONN	0	1	up
115215	CONN	0	1	down
115222	CONN	2	3	down
115347	CONN	3	2	down
115352	CONN	2	1	down
115583	CONN	2	3	up
115587	CONN	3	2	up
115597	CONN	2	3	down
115615	CONN	8	3	up
115615	CONN	8	3	down
115615	CONN	8	2	up
115615	CONN	8	0	up
115622	CONN	8	2	down
115707	CONN	0	8	up
115707	CONN	0	8	down
115708	CONN	3	2	down
115719	CONN	1	3	up
115719	CONN	1	0	up
115737	CONN	8	0	down
115841	CONN	2	3	up
115868	CONN	8	2	up
116062	CONN	2	3	down
116065	CONN	3	2	up
116174	CONN	3	1	up
116207	CONN	1	2	down
116288	CONN	3	1	down
116317	CONN	2	3	up
116317	CONN	2	3	down
116326	CONN	0	8	up
116333	CONN	1	3	down
116340	CONN	1	0	down
116352	CONN	8	2	down
116437	CONN	0	2	down
116437	CONN	0	8	down
116442	CONN	2	0	down
116463	CONN	1	8	up
116701	CONN	8	2	up
116703	CONN	2	8	up
116879	CONN	3	0	down
117067	CONN	1	8	down
117068	CONN	2	8	down
117222	CONN	3	2	down
117222	CONN	3	8	up
117222	CONN	3	0	up
117313	CONN	1	2	up
117342	CONN	3	8	down
117421	CONN	2	8	up
117439	CONN	1	2	down
117459	CONN	3	0	down
117553	CONN	0	3	down
117590	CONN	3	0	up
117691	CONN	1	2	up
117811	CONN	1	2	down
118073	CONN	3	0	down
118206	CONN	3	0	up
118273	CONN	1	2	up
118433	CONN	3	0	down
118590	CONN	2	8	down
119097	CONN	1	0	up
119173	CONN	2	8	up
119220	CONN	1	3	up
119333	CONN	1	2	down
119333	CONN	1	0	down
119333	CONN	1	3	down
129484	CONN	8	2	down
129837	CONN	8	2	up
130073	CONN	2	8	down
130784	CONN	2	8	up
131037	CONN	2	8	down
131279	CONN	2	8	up
135785	CONN	2	8	down
136025	CONN	2	8	up
139616	CONN	2	8	down
139877	CONN	2	8	up
140016	CONN	8	2	down
140382	CONN	8	2	up
140965	CONN	2	8	down
141090	CONN	2	8	up
141090	CONN	2	8	down
141454	CONN	2	8	up
141475	CONN	2	8	down
141733	CONN	2	8	up
142379	CONN	8	2	down
142733	CONN	8	2	up
147035	CONN	2	8	down
147393	CONN	2	8	up
148791	CONN	2	8	down
149074	CONN	8	2	down
149157	CONN	2	8	up
149423	CONN	8	2	up
149423	CONN	8	2	down
149657	CONN	2	8	down
149677	CONN	8	2	up
149796	CONN	8	2	down
149900	CONN	2	8	up
150171	CONN	8	2	up
150897	CONN	2	8	down
151257	CONN	2	8	up
151903	CONN	8	2	down
152041	CONN	8	2	up
152724	CONN	2	8	down
152873	CONN	2	8	up
154064	CONN	2	8	down
154317	CONN	2	8	up
154317	CONN	2	8	down
154462	CONN	8	2	down
154688	CONN	2	8	up
154838	CONN	8	2	up
156134	CONN	2	8	down
156614	CONN	2	8	up
157439	CONN	2	8	down
157787	CONN	2	8	up
159737	CONN	8	2	down
159982	CONN	8	2	up
160213	CONN	8	2	down
160551	CONN	2	8	down
160708	CONN	8	2	up
160799	CONN	2	8	up
161407	CONN	2	8	down
161775	CONN	2	8	up
163968	CONN	8	2	down
164105	CONN	8	2	up
165537	CONN	8	2	down
165779	CONN	8	2	up
168723	CONN	8	2	down
169521	CONN	2	8	down
172958	CONN	0	8	up
172958	CONN	0	8	down
175814	CONN	0	8	up
175821	CONN	0	8	down
179938	CONN	0	8	up
179938	CONN	0	8	down
180086	CONN	0	8	up
180966	CONN	8	0	up
180966	CONN	8	0	down
181052	CONN	0	8	down
181517	CONN	0	8	up
181517	CONN	0	8	down
182972	CONN	0	8	up
182972	CONN	0	8	down
183447	CONN	0	8	up
183447	CONN	0	8	down
185744	CONN	0	8	up
185744	CONN	0	8	down
186397	CONN	8	3	up
186731	CONN	0	8	up
186731	CONN	0	8	down
186885	CONN	8	3	down
186991	CONN	0	3	up
187455	CONN	0	8	up
187455	CONN	0	8	down
187583	CONN	0	3	down
187709	CONN	0	8	up
187837	CONN	0	8	down
187972	CONN	3	0	up
187972	CONN	3	8	up
188421	CONN	0	8	up
188421	CONN	0	8	down
188453	CONN	3	0	down
188571	CONN	3	8	down
188937	CONN	8	2	up
189613	CONN	2	8	up
190385	CONN	8	2	down
190863	CONN	8	2	up
191192	CONN	2	8	down
191331	CONN	2	8	up
193181	CONN	8	2	down
193416	CONN	8	2	up
195051	CONN	8	3	up
195130	CONN	2	8	down
195177	CONN	8	2	down
195302	CONN	8	3	down
195484	CONN	2	8	up
195532	CONN	8	2	up
195647	CONN	8	3	up
195828	CONN	2	3	up
195835	CONN	2	8	down
196072	CONN	2	8	up
196711	CONN	8	2	down
197538	CONN	8	1	up
197717	CONN	2	8	down
197957	CONN	2	8	up
197957	CONN	2	8	down
197957	CONN	2	1	up
197999	CONN	8	1	down
198363	CONN	8	2	up
198474	CONN	8	1	up
198474	CONN	8	1	down
198718	CONN	8	2	down
198908	CONN	2	3	down
199146	CONN	2	8	up
199160	CONN	2	8	down
199284	CONN	2	3	up
199408	CONN	2	8	up
199524	CONN	2	3	down
199673	CONN	8	1	up
199673	CONN	8	1	down
199762	CONN	2	3	up
199923	CONN	8	3	down
199930	CONN	8	1	up
200047	CONN	8	1	down
200163	CONN	8	3	up
200163	CONN	8	3	down
200163	CONN	8	2	up
200254	CONN	2	1	down
200254	CONN	2	8	down
200394	CONN	8	1	up
200394	CONN	8	1	down
200401	CONN	8	3	up
200491	CONN	2	1	up
200525	CONN	8	2	down
200613	CONN	2	3	down
200734	CONN	2	8	up
200893	CONN	8	3	down
201084	CONN	2	3	up
201130	CONN	8	3	up
201456	CONN	2	1	down
201456	CONN	2	3	down
201489	CONN	8	1	up
201489	CONN	8	1	down
201567	CONN	2	8	down
201607	CONN	8	3	down
201804	CONN	2	3	up
201950	CONN	1	3	up
201973	CONN	8	3	up
202042	CONN	2	8	up
202049	CONN	2	8	down
202070	CONN	1	2	up
202077	CONN	1	8	up
202088	CONN	8	2	up
202088	CONN	8	2	down
202206	CONN	8	3	down
202292	CONN	2	3	down
202409	CONN	2	1	up
202409	CONN	2	1	down
202443	CONN	8	2	up
202681	CONN	8	3	up
202681	CONN	8	3	down
202892	CONN	2	3	up
203016	CONN	2	3	down
203016	CONN	2	8	up
203152	CONN	1	8	down
203249	CONN	2	3	up
203531	CONN	8	2	down
203604	CONN	2	3	down
203635	CONN	1	3	down
203727	CONN	2	1	up
203727	CONN	2	1	down
203771	CONN	8	2	up
203771	CONN	8	2	down
204009	CONN	8	2	up
204126	CONN	8	3	up
204230	CONN	1	3	up
204347	CONN	1	8	up
204354	CONN	1	3	down
204702	CONN	1	3	up
204709	CONN	1	8	down
204725	CONN	8	3	down
204969	CONN	8	2	down
204976	CONN	8	3	up
205073	CONN	1	8	up
205073	CONN	1	8	down
205098	CONN	8	2	up
205202	CONN	1	8	up
205202	CONN	1	8	down
205298	CONN	2	3	up
205325	CONN	1	3	down
205425	CONN	2	1	up
205438	CONN	1	2	down
205458	CONN	8	3	down
205659	CONN	2	3	down
205659	CONN	2	1	down
205815	CONN	8	3	up
205907	CONN	2	1	up
206180	CONN	8	3	down
206298	CONN	8	1	up
206298	CONN	8	1	down
206428	CONN	8	2	down
206525	CONN	1	2	up
206525	CONN	1	2	down
206664	CONN	8	3	up
206760	CONN	2	3	up
206760	CONN	2	3	down
206782	CONN	8	2	up
206782	CONN	8	2	down
206993	CONN	2	1	down
207027	CONN	8	3	down
207119	CONN	2	3	up
207246	CONN	2	8	down
207399	CONN	8	3	up
207497	CONN	2	8	up
207885	CONN	8	3	down
208002	CONN	8	2	up
208002	CONN	8	2	down
208257	CONN	8	2	up
208257	CONN	8	2	down
208492	CONN	8	3	up
208563	CONN	2	8	down
208683	CONN	2	3	down
208728	CONN	8	3	down
208937	CONN	2	8	up
209089	CONN	8	2	up
209165	CONN	2	3	up
209165	CONN	2	3	down
209193	CONN	1	3	up
209193	CONN	1	3	down
209202	CONN	8	3	up
209202	CONN	8	3	down
209306	CONN	1	2	up
209426	CONN	1	2	down
209426	CONN	1	8	up
209553	CONN	1	8	down
209642	CONN	2	3	up
209688	CONN	8	3	up
209770	CONN	2	8	down
209792	CONN	1	2	up
209908	CONN	1	8	up
210018	CONN	1	8	down
210018	CONN	1	3	up
210154	CONN	8	3	down
210258	CONN	1	3	down
210513	CONN	1	8	up
210513	CONN	1	8	down
210952	CONN	2	3	down
210982	CONN	1	3	up
211100	CONN	1	2	down
211100	CONN	1	8	up
211115	CONN	8	2	down
211217	CONN	1	3	down
211217	CONN	1	8	down
211465	CONN	8	2	up
212551	CONN	8	2	down
213516	CONN	8	2	up
213516	CONN	8	2	down
213871	CONN	8	2	up
215765	CONN	8	2	down
216121	CONN	8	2	up
216355	CONN	8	2	down
216688	CONN	8	2	up
221789	CONN	8	2	down
222035	CONN	8	2	up
222280	CONN	8	2	down
222661	CONN	8	2	up
225588	CONN	8	2	down
225841	CONN	8	2	up
226068	CONN	8	2	down
226420	CONN	8	2	up
227366	CONN	8	2	down
227705	CONN	8	2	up
230915	CONN	8	2	down
231398	CONN	8	2	up
237062	CONN	8	2	down
237417	CONN	8	2	up
238283	CONN	8	2	down
238631	CONN	8	2	up
240660	CONN	8	2	down
240910	CONN	8	2	up
242823	CONN	8	2	down
243173	CONN	8	2	up
243302	CONN	8	2	down
243563	CONN	8	2	up
245946	CONN	8	2	down
246301	CONN	8	2	up
246649	CONN	8	2	down
247136	CONN	8	2	up
248447	CONN	8	2	down
248463	CONN	6	2	up
248694	CONN	6	2	down
248694	CONN	6	0	up
248694	CONN	6	0	down
249049	CONN	6	2	up
249307	CONN	6	2	down
249651	CONN	6	2	up
249870	CONN	8	1	up
249882	CONN	6	0	up
249882	CONN	6	0	down
250004	CONN	6	2	down
250463	CONN	8	1	down
250710	CONN	6	2	up
250710	CONN	6	2	down
250837	CONN	8	1	up
252271	CONN	8	1	down
252622	CONN	8	1	up
252755	CONN	6	1	up
252869	CONN	6	1	down
253849	CONN	8	1	down
253970	CONN	6	1	up
254187	CONN	1	8	up
254216	CONN	6	1	down
254447	CONN	8	1	up
254666	CONN	1	8	down
254900	CONN	1	8	up
255276	CONN	8	1	down
255624	CONN	8	1	up
255841	CONN	1	8	down
255967	CONN	1	8	up
257171	CONN	1	8	down
257529	CONN	1	8	up
258002	CONN	0	7	up
258002	CONN	0	7	down
258380	CONN	0	7	up
258380	CONN	0	7	down
258382	CONN	1	8	down
258657	CONN	6	1	up
258657	CONN	6	1	down
258657	CONN	6	0	up
258781	CONN	6	0	down
258781	CONN	6	3	up
258781	CONN	6	3	down
258781	CONN	6	2	up
258862	CONN	1	8	up
258869	CONN	1	8	down
259007	CONN	6	1	up
259127	CONN	1	8	up
259130	CONN	6	2	down
259392	CONN	6	2	up
259634	CONN	6	2	down
260104	CONN	6	2	up
260104	CONN	6	2	down
260198	CONN	1	8	down
260212	CONN	8	1	down
260459	CONN	6	1	down
260569	CONN	1	8	up
260586	CONN	6	2	up
260593	CONN	8	1	up
260953	CONN	6	2	down
261070	CONN	6	1	up
261070	CONN	6	1	down
261314	CONN	6	2	up
261423	CONN	6	0	up
261423	CONN	6	0	down
261543	CONN	6	2	down
261543	CONN	6	1	up
261664	CONN	6	1	down
261776	CONN	8	1	down
261984	CONN	7	0	up
261984	CONN	7	0	down
262023	CONN	6	8	up
262023	CONN	6	8	down
262023	CONN	6	3	up
262023	CONN	6	3	down
262023	CONN	6	4	up
262023	CONN	6	0	up
262023	CONN	6	2	up
262027	CONN	6	4	down
262027	CONN	6	0	down
262264	CONN	8	1	up
262388	CONN	6	2	down
262388	CONN	6	1	up
262491	CONN	0	7	up
262491	CONN	0	7	down
262515	CONN	6	1	down
262515	CONN	6	0	up
262642	CONN	6	0	down
262642	CONN	6	2	up
262881	CONN	6	1	up
263134	CONN	6	2	down
263505	CONN	6	2	up
263614	CONN	6	1	down
263847	CONN	8	1	down
263971	CONN	6	1	up
263978	CONN	6	2	down
264087	CONN	6	1	down
264218	CONN	8	1	up
264450	CONN	8	1	down
264690	CONN	6	1	up
264690	CONN	6	1	down
264690	CONN	6	2	up
264801	CONN	6	2	down
264985	CONN	0	7	up
264985	CONN	0	7	down
265139	CONN	6	0	up
265139	CONN	6	0	down
265139	CONN	6	2	up
265139	CONN	6	2	down
265355	CONN	1	8	down
265728	CONN	1	8	up
265743	CONN	8	1	up
265750	CONN	6	2	up
265750	CONN	6	1	up
265757	CONN	8	1	down
265874	CONN	6	2	down
266006	CONN	6	0	up
266006	CONN	6	0	down
266126	CONN	6	2	up
266235	CONN	6	1	down
266593	CONN	6	1	up
266593	CONN	6	1	down
266708	CONN	8	1	up
266832	CONN	6	2	down
267063	CONN	8	1	down
267065	CONN	6	1	up
267065	CONN	6	1	down
267285	CONN	1	8	down
267312	CONN	8	1	up
267436	CONN	6	2	up
267540	CONN	1	8	up
267569	CONN	6	2	down
267707	CONN	6	2	up
267707	CONN	6	2	down
267825	CONN	6	3	up
267825	CONN	6	3	down
268169	CONN	1	8	down
268308	CONN	1	8	up
268316	CONN	6	0	up
268316	CONN	6	0	down
268316	CONN	6	2	up
268323	CONN	6	1	up
268323	CONN	6	1	down
268448	CONN	6	2	down
268448	CONN	6	0	up
268686	CONN	6	1	up
268799	CONN	6	2	up
268933	CONN	7	0	up
268933	CONN	7	0	down
269038	CONN	6	1	down
269038	CONN	6	8	up
269038	CONN	6	8	down
269126	CONN	1	8	down
269251	CONN	8	1	down
269259	CONN	6	3	up
269375	CONN	6	0	down
269375	CONN	6	3	down
269375	CONN	6	8	up
269375	CONN	6	8	down
269375	CONN	6	1	up
269486	CONN	6	2	down
269601	CONN	8	1	up
269722	CONN	8	1	down
269965	CONN	6	2	up
270197	CONN	8	1	up
270299	CONN	1	8	up
270299	CONN	1	8	down
270321	CONN	6	0	up
270321	CONN	6	0	down
270437	CONN	6	1	down
270564	CONN	6	2	down
270564	CONN	6	5	up
270564	CONN	6	5	down
270564	CONN	6	7	up
270564	CONN	6	7	down
270570	CONN	6	4	up
270570	CONN	6	4	down
271054	CONN	6	2	up
271054	CONN	6	2	down
271507	CONN	1	8	up
271522	CONN	6	2	up
271763	CONN	6	4	up
271763	CONN	6	4	down
271763	CONN	6	3	up
271763	CONN	6	3	down
271763	CONN	6	1	up
272219	CONN	6	3	up
272219	CONN	6	3	down
272226	CONN	6	2	down
272226	CONN	6	1	down
272226	CONN	6	0	up
272479	CONN	6	0	down
272479	CONN	6	3	up
272479	CONN	6	3	down
272479	CONN	6	4	up
272486	CONN	6	4	down
272846	CONN	6	0	up
272846	CONN	6	0	down
272846	CONN	6	2	up
272846	CONN	6	2	down
273331	CONN	8	1	down
273550	CONN	1	8	down
273570	CONN	6	1	up
273570	CONN	6	1	down
273570	CONN	6	2	up
273570	CONN	6	2	down
273626	CONN	7	0	up
273633	CONN	7	0	down
273688	CONN	8	1	up
273907	CONN	1	8	up
273930	CONN	8	1	down
278700	CONN	1	8	down
336590	CONN	1	2	up
336590	CONN	1	2	down
337175	CONN	7	2	up
337175	CONN	7	0	up
337202	CONN	1	2	up
337209	CONN	1	2	down
337209	CONN	1	7	up
337209	CONN	1	7	down
337209	CONN	1	0	up
337209	CONN	1	0	down
337309	CONN	7	2	down
337309	CONN	7	0	down
337309	CONN	7	4	up
337309	CONN	7	4	down
337421	CONN	7	8	up
337532	CONN	7	8	down
337778	CONN	7	8	up
337792	CONN	7	5	up
337792	CONN	7	5	down
338156	CONN	1	7	up
338160	CONN	7	1	up
338163	CONN	1	5	up
338163	CONN	1	8	up
338308	CONN	1	7	down
338308	CONN	1	5	down
338392	CONN	7	1	down
338435	CONN	1	4	up
338435	CONN	1	4	down
338435	CONN	1	0	up
338435	CONN	1	0	down
338658	CONN	1	8	down
338658	CONN	1	7	up
338658	CONN	1	7	down
338658	CONN	1	2	up
338658	CONN	1	2	down
338875	CONN	7	8	down
338897	CONN	1	6	up
338918	CONN	1	6	down
338999	CONN	7	0	up
339041	CONN	1	2	up
339041	CONN	1	2	down
339114	CONN	7	0	down
339235	CONN	7	8	up
339235	CONN	7	8	down
339235	CONN	7	5	up
339235	CONN	7	5	down
339400	CONN	1	2	up
339400	CONN	1	2	down
339831	CONN	7	8	up
339946	CONN	7	5	up
340177	CONN	7	5	down
340406	CONN	7	8	down
340489	CONN	1	2	up
340489	CONN	1	2	down
340529	CONN	7	8	up
340543	CONN	7	8	down
340606	CONN	1	6	up
340606	CONN	1	6	down
340606	CONN	1	7	up
340613	CONN	1	7	down
340847	CONN	1	2	up
340894	CONN	7	8	up
340957	CONN	1	0	up
340957	CONN	1	0	down
341020	CONN	7	8	down
341072	CONN	1	2	down
341130	CONN	7	4	up
341130	CONN	7	4	down
341130	CONN	7	5	up
341137	CONN	7	5	down
341261	CONN	7	8	up
341268	CONN	7	8	down
341275	CONN	7	5	up
341397	CONN	7	5	down
341627	CONN	7	8	up
341655	CONN	1	4	up
341655	CONN	1	4	down
341737	CONN	7	8	down
341737	CONN	7	5	up
341981	CONN	7	8	up
341988	CONN	7	5	down
341988	CONN	7	4	up
341995	CONN	7	4	down
342230	CONN	7	5	up
342350	CONN	7	8	down
342401	CONN	1	6	up
342401	CONN	1	6	down
342401	CONN	1	4	up
342401	CONN	1	4	down
342471	CONN	7	5	down
342471	CONN	7	4	up
342471	CONN	7	4	down
342829	CONN	7	8	up
342979	CONN	1	6	up
343061	CONN	7	2	up
343061	CONN	7	2	down
343061	CONN	7	0	up
343061	CONN	7	0	down
343121	CONN	1	6	down
343121	CONN	1	4	up
343121	CONN	1	4	down
343297	CONN	7	8	down
343304	CONN	7	5	up
343304	CONN	7	5	down
343483	CONN	1	4	up
343597	CONN	1	4	down
343653	CONN	7	8	up
343771	CONN	7	8	down
343886	CONN	7	5	up
344076	CONN	1	4	up
344076	CONN	1	4	down
344076	CONN	1	5	up
344132	CONN	7	8	up
344132	CONN	7	8	down
344132	CONN	7	4	up
344187	CONN	1	8	up
344187	CONN	1	8	down
344187	CONN	1	7	up
344187	CONN	1	7	down
344385	CONN	7	5	down
344423	CONN	1	6	up
344423	CONN	1	6	down
344423	CONN	1	4	up
344497	CONN	7	4	down
344504	CONN	7	6	up
344504	CONN	7	6	down
344504	CONN	7	8	up
344504	CONN	7	8	down
344741	CONN	7	5	up
344858	CONN	7	1	up
344858	CONN	7	1	down
344858	CONN	7	4	up
344858	CONN	7	4	down
344897	CONN	1	5	down
344897	CONN	1	4	down
345012	CONN	1	0	up
345012	CONN	1	0	down
345012	CONN	1	2	up
345083	CONN	7	8	up
345317	CONN	7	8	down
345511	CONN	1	0	up
345511	CONN	1	0	down
345623	CONN	1	2	down
345867	CONN	1	2	up
345922	CONN	7	8	up
346095	CONN	1	2	down
346095	CONN	1	0	up
346095	CONN	1	0	down
346291	CONN	7	8	down
346413	CONN	7	5	down
346436	CONN	1	0	up
346443	CONN	1	0	down
346443	CONN	1	2	up
346669	CONN	1	4	up
346669	CONN	1	4	down
346762	CONN	7	5	up
346797	CONN	1	2	down
346886	CONN	7	8	up
346923	CONN	1	0	up
346923	CONN	1	0	down
347129	CONN	7	3	up
347129	CONN	7	3	down
347243	CONN	7	8	down
347291	CONN	1	2	up
347417	CONN	1	0	up
347495	CONN	7	8	up
347617	CONN	7	5	down
347617	CONN	7	8	down
347728	CONN	7	0	up
347728	CONN	7	2	up
347840	CONN	7	3	up
347840	CONN	7	3	down
348078	CONN	7	0	down
348078	CONN	7	2	down
348139	CONN	1	2	down
348376	CONN	1	2	up
348502	CONN	1	0	down
348502	CONN	1	2	down
348743	CONN	1	2	up
348743	CONN	1	0	up
348854	CONN	1	6	up
348966	CONN	1	2	down
349169	CONN	7	2	up
349169	CONN	7	0	up
349183	CONN	7	2	down
349183	CONN	7	0	down
349204	CONN	1	6	down
349298	CONN	7	5	up
349416	CONN	7	5	down
349416	CONN	7	3	up
349416	CONN	7	3	down
349416	CONN	7	8	up
349444	CONN	1	2	up
349572	CONN	1	6	up
349652	CONN	7	8	down
349688	CONN	1	0	down
349778	CONN	7	5	up
349806	CONN	1	6	down
350016	CONN	7	3	up
350142	CONN	7	8	up
350149	CONN	7	8	down
350167	CONN	1	6	up
350167	CONN	1	8	up
350174	CONN	1	6	down
350174	CONN	1	8	down
350174	CONN	1	0	up
350385	CONN	7	5	down
350392	CONN	7	8	up
350392	CONN	7	8	down
350431	CONN	1	6	up
350542	CONN	1	0	down
350627	CONN	7	5	up
350627	CONN	7	5	down
350766	CONN	7	5	up
350766	CONN	7	5	down
350876	CONN	7	4	up
350876	CONN	7	4	down
350876	CONN	7	0	up
350883	CONN	7	2	up
350883	CONN	7	2	down
350904	CONN	1	6	down
351006	CONN	7	0	down
351126	CONN	7	5	up
351126	CONN	7	5	down
351142	CONN	1	6	up
351268	CONN	1	0	up
351375	CONN	7	4	up
351375	CONN	7	4	down
351375	CONN	7	2	up
351375	CONN	7	2	down
351380	CONN	7	5	up
351387	CONN	7	3	down
351402	CONN	1	6	down
351510	CONN	7	5	down
351619	CONN	7	0	up
351619	CONN	7	0	down
351619	CONN	7	2	up
351619	CONN	7	2	down
351753	CONN	1	2	down
351760	CONN	1	0	down
351767	CONN	1	7	up
351767	CONN	1	7	down
351852	CONN	7	5	up
351852	CONN	7	5	down
351852	CONN	7	3	up
351892	CONN	1	6	up
351892	CONN	1	6	down
352002	CONN	1	0	up
352002	CONN	1	0	down
352002	CONN	1	2	up
352132	CONN	1	2	down
352459	CONN	7	5	up
352459	CONN	7	5	down
352459	CONN	7	8	up
352501	CONN	1	2	up
352501	CONN	1	2	down
352569	CONN	7	8	down
352576	CONN	7	3	down
352867	CONN	1	2	up
352867	CONN	1	2	down
352917	CONN	7	3	up
353158	CONN	7	3	down
353158	CONN	7	5	up
353218	CONN	1	2	up
353218	CONN	1	2	down
353218	CONN	1	6	up
353218	CONN	1	6	down
353475	CONN	1	6	up
353514	CONN	7	3	up
353587	CONN	1	2	up
353587	CONN	1	2	down
353697	CONN	1	0	up
353697	CONN	1	0	down
353760	CONN	7	3	down
353820	CONN	1	2	up
353930	CONN	1	6	down
354045	CONN	1	2	down
354345	CONN	7	3	up
354458	CONN	7	3	down
354522	CONN	1	2	up
354642	CONN	1	2	down
354642	CONN	1	0	up
354642	CONN	1	0	down
354642	CONN	1	6	up
354698	CONN	7	5	down
354777	CONN	1	6	down
354821	CONN	7	4	up
354821	CONN	7	3	up
354828	CONN	7	4	down
354828	CONN	7	0	up
354828	CONN	7	0	down
354888	CONN	1	7	up
354888	CONN	1	7	down
354888	CONN	1	5	up
354888	CONN	1	3	up
354895	CONN	1	5	down
354895	CONN	1	3	down
354953	CONN	7	5	up
355009	CONN	1	6	up
355009	CONN	1	6	down
355190	CONN	7	3	down
355354	CONN	1	2	up
355354	CONN	1	2	down
355433	CONN	7	5	down
355440	CONN	7	3	up
355554	CONN	7	4	up
355554	CONN	7	4	down
355561	CONN	7	3	down
355561	CONN	7	8	up
355561	CONN	7	8	down
355712	CONN	1	6	up
355949	CONN	1	6	down
355949	CONN	1	2	up
355949	CONN	1	2	down
356318	CONN	1	6	up
356318	CONN	1	6	down
357627	CONN	1	6	up
357627	CONN	1	6	down
357883	CONN	1	8	up
357883	CONN	1	8	down
358116	CONN	1	2	up
358116	CONN	1	2	down
358598	CONN	1	6	up
358852	CONN	1	2	up
358852	CONN	1	2	down
358969	CONN	1	6	down
359190	CONN	1	4	up
359190	CONN	1	4	down
